Player name,Known as,player_id,position,nationality,team,Fifa 12 Potential rating,Fifa 12 overall_rating,Fifa 12 age,Fifa 13 overall_rating,Fifa 13 age,Fifa 14 overall_rating,Fifa 14 age,Fifa 15 overall_rating,Fifa 15 age,Fifa 16 overall_rating,Fifa 16 age,Fifa 17 overall_rating,Fifa 17 age,Fifa 18 overall_rating,Fifa 18 age,Fifa 19 overall_rating,Fifa 19 age,Fifa 20 overall_rating,Fifa 20 age,Fifa 21 overall_rating,Fifa 21 age,Fifa 22 overall_rating,Fifa 22 age
Neymar da Silva Santos Júnior,Neymar,190871,"['CF', 'ST', 'LW']",Brazil,Santos,91,84,19,85,20,84,21,86,22,88,23,92,24,92,25,92,26,92,27,91,28,91,29
Lucas Rodrigues Moura da Silva,Lucas,200949,"['CAM', 'RW']",Brazil,São Paulo,90,82,18,82,19,82,20,82,21,82,22,82,23,82,24,82,25,83,26,83,27,81,28
Christian Dannemann Eriksen,C. Eriksen,190460,"['CAM', 'CM']",Denmark,Ajax,90,80,19,80,20,82,21,83,22,83,23,84,24,87,25,88,26,88,27,85,28,82,29
Jack Wilshere,J. Wilshere,189461,"['CM', 'CDM', 'CAM', 'LM']",England,Arsenal,90,82,19,82,20,82,21,81,22,81,23,82,24,81,25,80,26,79,27,76,28,,
Alexandre Rodrigues da Silva,Alexandre Pato,180175,"['ST', 'CF']",Brazil,AC Milan,90,85,21,83,22,80,23,,,,,80,26,,,80,28,,,,,75,31
Gareth Frank Bale,G. Bale,173731,"['LM', 'LW', 'LB']",Wales,Tottenham Hotspur,90,86,21,85,22,87,23,87,24,87,25,90,26,89,27,88,28,85,29,83,30,82,31
Roderick Jefferson Gonçalves Miranda,Roderick Miranda,193143,"['CB', 'CDM']",Portugal,Servette FC,89,65,20,69,21,68,22,68,23,69,24,70,25,72,26,71,27,70,28,69,29,69,30
Mario Götze,M. Götze,192318,"['CAM', 'LM', 'RM']",Germany,Borussia Dortmund,89,84,18,84,20,85,21,85,22,84,23,84,24,81,25,82,26,82,27,,,82,29
Javier Matías Pastore,J. Pastore,191180,"['CAM', 'CF', 'CM']",Argentina,Paris Saint-Germain,89,83,22,83,23,79,24,79,25,84,26,85,27,83,28,82,29,79,30,77,31,78,32
Pedro Eliezer Rodríguez Ledesma,Pedro,189505,"['LW', 'RW']",Spain,FC Barcelona,89,85,23,84,24,85,25,83,26,83,27,83,28,84,29,82,30,82,31,,,78,33
Eden Michael Hazard,E. Hazard,183277,"['LW', 'RW', 'CF', 'RM']",Belgium,LOSC Lille,89,85,20,87,21,85,22,88,23,89,24,88,25,90,26,91,27,91,28,88,29,85,30
Frederik Hillersborg Sørensen,F. Sørensen,201342,"['CB', 'RB']",Denmark,Juventus,88,74,19,72,20,73,21,71,22,74,23,75,24,77,25,74,26,72,27,71,28,,
Juan Manuel Iturbe Arévalo,J. Iturbe,199151,"['RW', 'CAM', 'LW', 'CF']",Argentina,FC Porto,88,74,18,74,19,74,20,77,21,77,22,77,23,76,24,76,25,72,26,72,27,,
Romelu Lukaku Menama,R. Lukaku,192505,['ST'],Belgium,Chelsea,88,78,18,74,19,77,20,80,21,80,22,84,23,86,24,87,25,85,26,85,27,88,28
Mario Barwuah Balotelli,M. Balotelli,186627,"['ST', 'CF']",Italy,Manchester City,88,81,20,84,21,84,22,82,23,80,24,79,25,82,26,83,27,82,28,79,29,76,30
Alexis Alejandro Sánchez Sánchez,A. Sánchez,184941,"['RW', 'LW', 'CF', 'CAM']",Chile,FC Barcelona,88,86,22,85,23,82,24,84,25,86,26,87,27,89,28,87,29,82,30,80,31,80,32
Mats Hummels,M. Hummels,178603,"['CB', 'CDM']",Germany,Borussia Dortmund,88,84,22,85,23,85,24,86,25,86,26,87,27,88,28,89,29,87,30,86,31,86,32
Alessio Cerci,A. Cerci,178393,"['RW', 'LW', 'RM', 'CAM']",Italy,Fiorentina,88,78,23,75,24,81,25,80,26,77,27,76,28,75,29,,,72,31,,,,
Mesut Özil,M. Özil,176635,"['CAM', 'LM', 'RM', 'CM']",Germany,Real Madrid CF,88,86,22,87,23,87,24,86,25,87,26,89,27,88,28,86,29,84,30,82,31,80,32
Nuri Şahin,N. Şahin,170797,"['CM', 'CDM']",Turkey,Real Madrid CF,88,85,22,82,23,82,24,81,25,81,26,80,27,79,28,79,29,78,30,,,74,32
Sergio Leonel Agüero del Castillo,S. Agüero,153079,"['ST', 'CF']",Argentina,Manchester City,88,86,23,87,24,88,25,86,26,87,27,89,28,89,29,89,30,89,31,89,32,87,33
Fernando Lucas Martins,Fernando,202642,"['CDM', 'CM']",Brazil,Grêmio,87,70,19,75,20,76,21,76,22,76,23,78,24,79,25,78,26,78,27,79,28,77,29
Thibaut Nicolas Marc Courtois,T. Courtois,192119,['GK'],Belgium,Atlético de Madrid,87,73,19,79,20,84,21,86,22,86,23,89,24,89,25,90,26,88,27,89,28,89,29
Stephan El Shaarawy,S. El Shaarawy,190813,"['CAM', 'LW', 'LM', 'CF']",Italy,AC Milan,87,73,18,76,19,81,20,80,21,80,22,81,23,80,24,81,25,82,26,79,27,79,28
Davide Santon,D. Santon,189484,"['LB', 'RB', 'RWB', 'LWB']",Italy,Newcastle United,87,75,20,75,21,75,22,75,23,76,24,76,25,76,26,75,27,75,28,75,29,74,30
Philippe Coutinho Correia,Philippe Coutinho,189242,"['CAM', 'RM', 'RW', 'CF']",Brazil,Inter,87,74,19,78,20,80,21,81,22,84,23,85,24,86,25,88,26,86,27,83,28,82,29
Paulo Henrique Chagas de Lima,Ganso,187688,"['CAM', 'CM', 'CF']",Brazil,Santos,87,83,21,80,22,77,23,,,,,81,26,80,27,75,28,,,,,,
Angelo Obinze Ogbonna,A. Ogbonna,183855,"['CB', 'LB']",Italy,Torino F.C.,87,75,23,79,24,80,25,77,26,79,27,80,28,80,29,78,30,77,31,77,32,80,33
Andrea Ranocchia,A. Ranocchia,182168,['CB'],Italy,Inter,87,80,23,79,24,79,25,77,26,78,27,76,28,76,29,76,30,75,31,74,32,74,33
Marek Hamšík,M. Hamšik,171877,"['CAM', 'CF', 'CM']",Slovakia,Napoli,87,84,23,85,24,84,25,83,26,83,27,85,28,87,29,87,30,84,31,81,32,80,33
Gonzalo Gerardo Higuaín,G. Higuaín,167664,"['ST', 'CF', 'CAM']",Argentina,Real Madrid CF,87,85,23,85,24,84,25,84,26,84,27,88,28,90,29,88,30,85,31,83,32,81,33
Karim Benzema,K. Benzema,165153,['ST'],France,Real Madrid CF,87,84,23,87,24,85,25,85,26,86,27,87,28,86,29,84,30,87,31,89,32,89,33
Alessandro De Vitis,A. De Vitis,202603,"['CAM', 'CM']",Italy,Modena,86,62,19,64,20,64,21,60,22,,,64,24,64,25,,,66,27,,,,
Bruno Uvini Bortolança,Bruno Uvini,200818,['CB'],Brazil,São Paulo,86,66,20,69,21,68,22,,,71,24,72,25,72,26,71,27,,,71,29,69,30
Alexander Merkel,A. Merkel,200700,"['CAM', 'LM', 'RM', 'CM']",Germany,Genoa,86,73,19,75,20,74,21,69,22,68,23,69,24,68,25,68,26,69,27,,,68,29
Josip Iličić,J. Iličić,200647,"['CF', 'CAM', 'CM', 'LM']",Slovenia,Slovenia,86,79,23,79,24,77,25,76,26,78,27,80,28,80,29,81,30,84,31,84,32,84,33
Nacer Chadli,N. Chadli,200529,"['LW', 'CAM', 'RW']",Belgium,Belgium,86,78,21,77,22,78,23,77,24,79,25,78,26,78,27,78,28,75,29,78,30,77,31
Carlos Henrique Casimiro,Casemiro,200145,"['CDM', 'CM']",Brazil,São Paulo,86,74,19,72,20,77,21,76,22,77,23,82,24,85,25,88,26,87,27,89,28,89,29
Nicolai Møller Boilesen,N. Boilesen,200108,['LB'],Denmark,Ajax,86,69,19,69,20,69,21,73,22,72,23,72,24,71,25,71,26,72,27,71,28,72,29
Simone Benedetti,S. Benedetti,198953,"['CB', 'RB']",Italy,Gubbio,86,64,19,64,20,65,21,70,22,70,23,70,24,69,25,,,68,27,,,,
James David Rodríguez Rubio,J. Rodríguez,198710,"['LW', 'CAM', 'RW', 'CF']",Colombia,FC Porto,86,79,19,83,20,83,21,86,22,87,23,87,24,86,25,88,26,85,27,82,28,81,29
Phil Jones,P. Jones,194957,"['CB', 'RB', 'CDM']",England,Manchester United,86,76,19,78,20,78,21,79,22,80,23,79,24,79,25,80,26,79,27,75,28,74,29
Zhano Ananidze,Z. Ananidze,193897,"['CAM', 'CM', 'CF', 'RM']",Georgia,Spartak Moskva,86,73,18,75,19,73,20,75,21,74,22,74,23,75,24,75,25,74,26,,,,
Thiago Alcântara do Nascimento,Thiago,189509,"['CAM', 'CM']",Spain,FC Barcelona,86,79,20,79,21,81,22,81,23,83,24,84,25,88,26,86,27,87,28,85,29,86,30
David Junior Hoilett,D. Hoilett,189462,"['RW', 'LW', 'CF', 'RM']",Canada,Blackburn Rovers,86,76,21,77,22,77,23,73,24,72,25,73,26,72,27,75,28,74,29,72,30,72,31
Marcelo Alejandro Estigarribia Balmori,M. Estigarribia,188992,"['LM', 'LW', 'RM', 'RW']",Paraguay,Juventus,86,76,23,78,24,,,,,73,27,,,71,29,73,30,73,31,,,73,33
Manuel Lanzini,M. Lanzini,188988,"['CAM', 'RM', 'CM']",Argentina,Fluminense,86,71,18,72,19,74,20,,,76,22,79,23,81,24,81,25,80,26,78,27,77,28
Seydou Doumbia,S. Doumbia,188428,"['ST', 'CF', 'LW']",Côte d'Ivoire,PFC CSKA Moscow,86,82,23,82,24,80,25,82,26,79,27,79,28,79,29,76,30,71,31,,,,
Alan Dzagoev,A. Dzagoev,187735,"['CAM', 'CM', 'RM', 'RW']",Russia,PFC CSKA Moscow,86,79,21,80,22,79,23,79,24,79,25,81,26,80,27,80,28,77,29,76,30,76,31
Alberto Paloschi,A. Paloschi,186961,"['ST', 'CF']",Italy,Chievo Verona,86,74,21,74,22,76,23,76,24,77,25,78,26,76,27,76,28,75,29,72,30,,
Andrea Poli,A. Poli,185174,"['CM', 'CAM', 'CDM']",Italy,Inter,86,75,21,77,22,75,23,78,24,77,25,76,26,75,27,77,28,77,29,76,30,75,31
Pablo Daniel Piatti,P. Piatti,183899,"['LM', 'CAM']",Argentina,Valencia CF,86,78,22,74,23,73,24,78,25,80,26,78,27,79,28,79,29,78,30,78,31,77,32
Ángel Fabián Di María Hernández,Á. Di María,183898,"['RW', 'LW', 'RM', 'LM']",Argentina,Real Madrid CF,86,84,23,86,24,86,25,86,26,85,27,87,28,85,29,84,30,86,31,87,32,87,33
Toni Kroos,T. Kroos,182521,"['CAM', 'LM', 'RM', 'CM']",Germany,FC Bayern München,86,81,21,84,22,84,23,85,24,87,25,88,26,90,27,90,28,88,29,88,30,88,31
Miralem Pjanić,M. Pjanić,180206,"['CAM', 'LM', 'CM']",Bosnia and Herzegovina,Roma,86,79,21,77,22,78,23,83,24,84,25,85,26,85,27,86,28,86,29,85,30,82,31
Juan Manuel Mata García,Mata,178088,"['LW', 'LM', 'CAM']",Spain,Chelsea,86,85,23,86,24,87,25,85,26,84,27,84,28,84,29,83,30,82,31,79,32,78,33
Javier Martínez Aginaga,Javi Martinez,177610,"['CDM', 'CM']",Spain,Athletic Club de Bilbao,86,82,22,83,23,84,24,85,25,84,26,84,27,86,28,84,29,84,30,81,31,,
Fábio Alexandre da Silva Coentrão,Fábio Coentrão,171688,"['LB', 'LM', 'CDM']",Portugal,Real Madrid CF,86,82,23,81,24,79,25,79,26,80,27,80,28,77,29,79,30,,,75,32,,
Erik Lamela,E. Lamela,170368,"['CAM', 'LW', 'RW', 'CF']",Argentina,Roma,86,74,19,77,20,81,21,78,22,79,23,81,24,80,25,80,26,80,27,80,28,78,29
Adryan Oliveira Tavares,Adryan,205008,"['CAM', 'CF']",Brazil,Flamengo,85,67,16,73,17,70,18,70,19,71,20,,,71,22,71,23,71,24,,,68,26
Ricardo Gabriel Álvarez,R. Álvarez,204555,"['CAM', 'RM', 'CM', 'CF']",Argentina,Inter,85,78,23,77,24,77,25,76,26,77,27,77,28,75,29,75,30,72,31,71,32,72,33
Gustavo Lucas Domingues Piazón,Lucas Piazon,203038,"['CF', 'ST', 'LW']",Brazil,São Paulo,85,65,17,61,18,73,19,76,20,75,21,74,22,74,23,73,24,72,25,71,26,75,27
Gastón Exequiel Ramírez Pereyra,G. Ramirez,201508,"['CAM', 'LW', 'RW']",Uruguay,Bologna,85,78,20,78,21,80,22,78,23,78,24,78,25,78,26,79,27,78,28,77,29,77,30
Afriyie Acquah,A. Acquah,201223,"['CM', 'CDM']",Ghana,Palermo,85,73,19,73,20,72,21,71,22,74,23,74,24,74,25,73,26,,,72,28,72,29
Francesco Acerbi,F. Acerbi,199845,"['CB', 'LB']",Italy,Chievo Verona,85,72,22,78,23,74,24,73,25,75,26,81,27,82,29,82,30,83,31,83,32,83,33
Luca Caldirola,L. Caldirola,199776,"['CB', 'LB']",Italy,Inter,85,69,20,70,21,70,22,73,23,74,24,75,25,75,26,72,27,72,28,71,29,71,30
Joshua Mark McEachran,J. McEachran,198704,"['CM', 'CDM', 'CAM']",England,Chelsea,85,71,18,71,19,71,20,70,21,72,22,72,23,69,24,69,25,,,68,27,64,28
Luc Castaignos,L. Castaignos,198175,['ST'],Netherlands,Inter,85,72,18,74,19,72,20,73,21,75,22,76,23,73,24,70,25,67,26,,,,
Pajtim Kasami,P. Kasami,197900,"['CM', 'CDM', 'CAM', 'RM']",Switzerland,Fulham,85,70,19,69,20,73,21,72,22,75,23,76,24,,,72,26,73,27,,,74,29
Giannis Fetfatzidis,G. Fetfatzidis,197117,"['CAM', 'RM', 'LM']",Greece,Olympiacos CFP,85,72,20,74,21,74,22,75,23,75,24,77,25,76,26,76,27,,,73,29,,
Simone Verdi,S. Verdi,196889,"['RM', 'RW', 'LM', 'LW']",Italy,Torino F.C.,85,67,18,69,19,68,20,66,21,74,22,75,23,78,24,81,25,80,26,77,27,75,28
Jeffrey Bruma,J. Bruma,195363,"['CB', 'RB', 'CDM']",Netherlands,Hamburger SV,85,72,19,72,20,72,21,73,22,77,23,80,24,79,25,76,26,74,27,74,28,73,29
Willian José da Silva,Willian José,195093,"['ST', 'CF']",Brazil,São Paulo,85,72,19,71,20,71,21,,,70,23,78,24,82,25,83,26,82,27,80,28,77,29
Dejan Lovren,D. Lovren,195086,['CB'],Croatia,Olympique Lyonnais,85,79,21,79,22,78,23,79,24,79,25,82,26,81,27,81,28,80,29,,,,
Armin Bačinovič,A. Bačinovič,194108,"['CM', 'CDM', 'RM']",Slovenia,Slovenia,85,77,21,75,22,69,23,67,24,70,25,71,26,,,,,,,,,,
Younès Belhanda,Y. Belhanda,193738,"['CM', 'CAM', 'LM']",Morocco,Montpellier Hérault SC,85,78,21,82,22,,,,,,,,,81,27,80,28,80,29,78,30,75,31
Xherdan Shaqiri,X. Shaqiri,193348,"['LM', 'RM', 'LB']",Switzerland,FC Basel 1893,85,76,19,78,20,80,21,80,22,80,23,82,24,82,25,81,26,82,27,81,28,79,29
Vid Belec,V. Belec,193336,['GK'],Slovenia,Slovenia,85,67,21,67,22,69,23,68,24,68,25,73,26,73,27,72,28,72,29,72,30,73,31
Marc-André ter Stegen,M. ter Stegen,192448,['GK'],Germany,Borussia Mönchengladbach,85,75,19,80,20,80,21,82,22,82,23,83,24,85,25,89,26,90,27,90,28,90,29
Connor Wickham,C. Wickham,191089,"['ST', 'LW', 'RW']",England,Sunderland,85,70,18,69,19,69,20,72,21,73,22,74,23,72,24,72,25,70,26,69,27,66,28
Eduardo Antonio Salvio,E. Salvio,190972,"['RW', 'RM', 'CF']",Argentina,Atlético de Madrid,85,77,20,77,21,79,22,79,23,80,24,79,25,80,26,81,27,80,28,81,29,80,30
Markus Henriksen,M. Henriksen,190549,"['CM', 'RM', 'CAM', 'CDM']",Norway,Rosenborg BK,85,75,18,73,19,73,20,70,21,73,22,76,23,72,24,72,25,72,26,73,27,73,28
Chris Smalling,C. Smalling,189881,"['CB', 'RB']",England,Manchester United,85,77,21,78,22,78,23,76,24,79,25,84,26,81,27,81,28,80,29,79,30,78,31
Luuk de Jong,L. de Jong,189805,"['ST', 'CAM', 'RW']",Netherlands,FC Twente,85,76,20,79,21,78,22,75,23,79,24,79,25,76,26,78,27,82,28,80,29,79,30
Thomas Müller,T. Müller,189596,"['CF', 'ST', 'CAM', 'RM']",Germany,FC Bayern München,85,83,21,84,22,85,23,86,24,86,25,87,26,86,27,86,28,86,29,86,30,87,31
Sergio Busquets i Burgos,Sergio Busquets,189511,"['CDM', 'CM', 'CAM', 'RM']",Spain,FC Barcelona,85,83,22,85,23,85,24,85,25,86,26,87,27,86,28,88,29,89,30,87,31,86,32
Shinji Kagawa,S. Kagawa,189358,"['CAM', 'CF', 'LM', 'RM']",Japan,Borussia Dortmund,85,82,22,83,23,83,24,81,25,82,26,83,27,83,28,83,29,79,30,76,31,74,32
Abel Mathias Hernandez Platero,A. Hernández,188484,['ST'],Uruguay,Uruguay,85,78,20,75,21,74,22,72,23,74,24,76,25,75,26,75,27,,,,,73,30
Marvin Martin,M. Martin,188385,"['CAM', 'CM', 'RM']",France,FC Sochaux-Montbéliard,85,80,23,80,24,76,25,74,26,73,27,74,28,,,71,30,,,65,32,,
Douglas Franco Teixeira,Douglas,188177,"['CB', 'RB']",Brazil,FC Twente,85,79,23,77,24,75,25,75,26,77,27,74,28,73,29,,,,,64,32,,
Steven N'Kemboanza Mike Christopher Nzonzi,S. N'Zonzi,187936,"['CDM', 'CM']",France,Blackburn Rovers,85,76,22,,,78,24,75,25,79,26,82,27,83,28,82,29,80,30,79,31,78,32
Yann Gérard M'Vila,Y. M'Vila,187052,"['CDM', 'CM']",France,Stade Rennais FC,85,81,21,82,22,79,23,78,24,78,25,79,26,78,27,79,28,80,29,79,30,79,31
Osvaldo Nicolas Fabian Gaitan,N. Gaitán,184144,"['RM', 'LM', 'CAM']",Argentina,SL Benfica,85,80,23,83,24,81,25,82,26,83,27,85,28,83,29,82,30,81,31,76,32,72,33
Neven Subotic,N. Subotić,183556,['CB'],Serbia,Borussia Dortmund,85,82,22,81,23,82,24,82,25,80,26,78,27,77,28,78,29,77,30,72,31,,
Jack Christian Rodwell,J. Rodwell,183465,"['CDM', 'CM']",England,Everton,85,76,20,77,21,77,22,76,23,76,24,76,25,74,26,,,,,,,67,30
Mamadou Sakho,M. Sakho,183285,"['CB', 'LB']",France,Paris Saint-Germain,85,81,21,80,22,81,23,81,24,81,25,82,26,81,27,80,28,79,29,76,30,75,31
Andy Carroll,A. Carroll,182836,['ST'],England,Liverpool,85,81,22,78,23,77,24,77,25,78,26,78,27,78,28,77,29,75,30,74,31,71,32
Stevan Jovetic,S. Jovetić,181820,"['CF', 'ST', 'CAM']",Montenegro,Fiorentina,85,81,21,83,22,84,23,81,24,81,25,81,26,81,27,80,28,78,29,77,30,77,31
Carlos Eduardo Marques Carlini,Carlos Eduardo,181392,"['CAM', 'RW', 'RM', 'CM']",Brazil,Rubin Kazan,85,81,23,80,24,76,25,71,26,73,27,,,,,,,,,,,,
Nikolay Mihaylov,N. Mihaylov,178767,['GK'],Bulgaria,Bulgaria,85,79,23,78,24,77,25,73,26,72,27,,,,,,,66,31,66,32,,
Javier Hernandez Balcazar,J. Hernández,178224,"['ST', 'CF', 'LW']",Mexico,Manchester United,85,82,23,82,24,82,25,81,26,80,27,83,28,82,29,79,30,78,31,78,32,78,33
Rui Pedro dos Santos Patricio,Rui Patrício,178005,['GK'],Portugal,Sporting CP,85,80,23,81,24,81,25,80,26,81,27,84,28,83,29,83,30,83,31,84,32,82,33
André Morgan Rami Ayew,A. Ayew,176571,"['LM', 'LW', 'CAM', 'CM']",Ghana,Olympique de Marseille,85,81,21,81,22,80,23,78,24,79,25,80,26,80,27,77,28,76,29,76,30,,
Renato Soares de Oliveira Augusto,Renato Augusto,169195,"['CAM', 'RM', 'CM', 'CF']",Brazil,Bayer 04 Leverkusen,85,83,23,81,24,80,25,,,,,,,80,29,81,30,81,31,83,32,,
Ivan Rakitic,I. Rakitić,168651,"['CM', 'CDM', 'LM', 'CAM']",Croatia,Sevilla FC,85,79,23,77,24,81,25,83,26,84,27,87,28,87,29,87,30,86,31,82,32,82,33
Adam Johnson,A. Johnson,165740,"['LW', 'LM', 'RM', 'RW']",England,Manchester City,85,82,23,80,24,77,25,77,26,78,27,,,,,,,,,,,,
Nadir Minotti,N. Minotti,205715,"['CAM', 'CM']",Italy,Atalanta,84,64,19,65,20,60,21,61,22,63,23,,,62,25,,,,,,,,
Weverson Leandro Oliveira Moura,Leandro,203431,"['CF', 'RW', 'LW', 'ST']",Brazil,Grêmio,84,71,18,73,19,75,20,,,,,,,67,24,67,25,67,26,68,27,72,28
julian draxler,J. Draxler,202166,"['CAM', 'LM']",Germany,FC Schalke 04,84,73,17,75,18,80,19,80,20,80,21,84,22,84,23,83,24,83,25,80,26,80,27
Filippo Boniperti,F. Boniperti,199825,"['CF', 'CAM']",Italy,Ascoli,84,64,19,62,20,64,21,55,22,,,,,,,,,,,,,,
Wilson Bruno Naval da Costa Eduardo,Wilson Eduardo,199737,"['LW', 'RW', 'ST']",Portugal,SC Olhanense,84,71,20,73,21,76,22,,,,,75,25,77,26,77,27,77,28,76,29,73,30
Diego Mauricio Machado de Brito,Diego Maurício,199394,"['CF', 'ST']",Brazil,Flamengo,84,73,20,72,21,,,65,23,,,,,66,26,67,27,,,,,,
Ji Dong-won,Ji Dong Won,199266,"['ST', 'CF']",Korea Republic,Sunderland,84,68,20,69,21,72,22,71,23,71,24,71,25,71,26,71,27,72,28,71,29,68,30
Alexander Kozlov,A. Kozlov,199224,"['ST', 'CF']",Russia,Spartak Moskva,84,64,18,,,62,20,62,21,63,22,,,,,,,,,,,,
Serigne Modou Kara Mbodji,S. Kara,198584,"['CDM', 'CB', 'CM']",Senegal,Tromsø IL,84,78,21,78,22,73,23,73,24,75,25,75,26,78,27,78,28,,,,,,
Leandro Damião da Silva dos Santos,Leandro Damião,198213,['ST'],Brazil,Internacional,84,80,21,80,22,79,23,,,,,,,,,,,74,29,73,30,74,31
Sergio Ezequiel Araujo,S. Araujo,198145,['ST'],Argentina,Boca Juniors,84,68,19,69,20,73,21,68,22,75,23,75,24,74,25,74,26,70,27,69,28,72,29
Marcel Buechel,M. Büchel,198079,"['CAM', 'CM']",Austria,Gubbio,84,63,20,63,21,,,64,23,67,24,73,25,73,26,72,27,69,28,,,,
Manuel Giandonato,M. Giandonato,198068,"['CM', 'CDM', 'CAM']",Italy,Lecce,84,69,19,69,20,,,,,64,23,,,,,,,,,,,,
Luis Miguel Afonso Fernandes,Pizzi,197965,"['LW', 'RW', 'RM', 'LM']",Portugal,Atlético de Madrid,84,76,21,76,22,76,23,76,24,79,25,81,26,82,27,83,28,84,29,84,30,81,31
Antoine Griezmann,A. Griezmann,194765,"['LW', 'LM', 'CF']",France,Real Sociedad,84,76,20,77,21,80,22,82,23,83,24,88,25,88,26,89,27,89,28,87,29,85,30
Oliver Bauman,O. Baumann,193698,['GK'],Germany,Sport-Club Freiburg,84,77,21,77,22,78,23,78,24,78,25,80,26,82,27,83,28,82,29,82,30,82,31
André Schürrle,A. Schürrle,193130,"['ST', 'LW', 'CF', 'CAM']",Germany,Bayer 04 Leverkusen,84,79,20,79,21,80,22,81,23,80,24,81,25,80,26,78,27,76,28,,,,
David De Gea Quintana,De Gea,193080,['GK'],Spain,Manchester United,84,80,20,80,21,82,22,83,23,86,24,90,25,90,26,91,27,89,28,86,29,84,30
Cenk Tosun,C. Tosun,192991,"['ST', 'CF']",Turkey,Turkey,84,73,20,,,,,74,23,77,24,78,25,78,26,80,27,77,28,75,29,74,30
Anderson Vital da Silva,Dedé,192568,['CB'],Brazil,Club de Regatas Vasco da Gama,84,78,22,80,23,78,24,,,77,27,,,,,,,,,,,,
Nicolás Hernán Gonzalo Otamendi,N. Otamendi,192366,"['CB', 'RB', 'LB']",Argentina,FC Porto,84,79,23,79,24,80,25,80,26,84,27,85,28,83,29,86,30,83,31,79,32,81,33
Sandro Raniere Guimarães Cordeiro,Sandro,190782,"['CDM', 'CM']",Brazil,Tottenham Hotspur,84,78,22,78,23,81,24,79,25,73,26,78,27,75,28,75,29,74,30,,,73,32
Sergio Canales Madrazo,Sergio Canales,190286,"['CAM', 'CM', 'LM', 'CF']",Spain,Valencia CF,84,77,20,78,21,77,22,77,23,79,24,79,25,79,26,79,27,84,28,82,29,83,30
Iago Falqué Silva,Iago Falqué,190264,"['CAM', 'LM', 'LW', 'RW']",Spain,Tottenham Hotspur,84,74,21,72,22,71,23,72,24,79,25,78,26,80,27,80,28,79,29,77,30,74,31
Álvaro Domínguez Soto,Domínguez,190150,"['CB', 'LB']",Spain,Atlético de Madrid,84,78,22,78,23,77,24,76,25,78,26,77,27,,,,,,,,,,
Tom Cleverley,T. Cleverley,189725,"['CM', 'LM', 'RM']",England,Manchester United,84,73,21,78,22,78,23,74,24,77,25,78,26,76,27,76,28,76,29,75,30,74,31
Daniel Parejo Muñoz,Dani Parejo,189513,"['CM', 'CDM', 'CAM', 'RM']",Spain,Valencia CF,84,78,22,76,23,76,24,80,25,82,26,82,27,82,28,86,29,86,30,85,31,86,32
Cristian Pasquato,C. Pasquato,189437,"['CF', 'CAM', 'LW', 'LM']",Italy,Lecce,84,74,21,71,22,72,23,71,24,72,25,72,26,73,27,69,28,,,,,,
Jordi Alba Ramos,Jordi Alba,189332,"['LM', 'LWB', 'LB']",Spain,Valencia CF,84,77,22,81,23,82,24,81,25,84,26,86,27,85,28,87,29,87,30,86,31,86,32
Oussama Assaidi,O. Assaidi,188935,"['LW', 'CAM', 'RW', 'CF']",Morocco,SC Heerenveen,84,76,22,78,23,76,24,74,25,,,,,73,28,,,,,,,,
Franck Tabanou,F. Tabanou,188696,"['LM', 'LB']",France,Toulouse Football Club,84,77,22,77,23,75,24,75,25,76,26,77,27,73,28,72,29,,,,,,
Kyle Walker,K. Walker,188377,"['RB', 'RM', 'CB']",England,Tottenham Hotspur,84,76,21,78,22,79,23,77,24,79,25,81,26,83,27,84,28,84,29,85,30,85,31
Aaron James Ramsey,A. Ramsey,186561,"['CM', 'CAM', 'CDM', 'RM']",Wales,Arsenal,84,77,20,77,21,77,22,83,23,82,24,84,25,82,26,82,27,83,28,82,29,80,30
Levan Mchedlidze,L. Mchedlidze,186272,['ST'],Georgia,Empoli,84,64,21,64,22,64,23,67,24,70,25,72,26,74,27,70,28,,,,,,
Fabio Borini,F. Borini,186200,"['ST', 'LW']",Italy,Roma,84,72,20,77,21,75,22,74,23,76,24,76,25,76,26,76,27,76,28,76,29,76,30
Wojciech Tomasz Szczęsny,W. Szczęsny,186153,['GK'],Poland,Arsenal,84,79,21,80,22,79,23,80,24,79,25,79,26,82,27,83,28,86,29,87,30,87,31
Daniel Nii Tackie Mensah Welbeck,D. Welbeck,186146,"['ST', 'CF', 'RW', 'LW']",England,Manchester United,84,76,20,79,21,78,22,78,23,79,24,80,25,80,26,77,27,78,28,74,29,73,30
Fernando Francisco Reges,Fernando,184134,"['CDM', 'CM', 'RB']",Brazil,FC Porto,84,79,23,80,24,79,25,79,26,79,27,79,28,77,29,79,30,81,31,83,32,84,33
Gregory van der Wiel,G. van der Wiel,183937,['RB'],Netherlands,Ajax,84,78,23,76,24,74,25,77,26,78,27,78,28,76,29,74,30,,,,,,
Fabian Delph,F. Delph,183427,"['CM', 'LM', 'LB']",England,Aston Villa,84,73,21,71,22,72,23,75,24,77,25,78,26,77,27,80,28,77,29,77,30,75,31
Ivan Perišić,I. Perišić,181458,"['LM', 'CAM', 'CM', 'LW']",Croatia,Borussia Dortmund,84,77,22,78,23,77,24,78,25,81,26,83,27,84,28,86,29,84,30,82,31,81,32
Georginio Gregion Emile Wijnaldum,G. Wijnaldum,181291,"['CAM', 'RW', 'LW', 'CM']",Netherlands,PSV,84,75,20,76,21,78,22,78,23,80,24,81,25,82,26,82,27,84,28,85,29,84,30
Sung Yueng Ki,S. Ki,180283,"['CM', 'CDM', 'CAM']",Korea Republic,Celtic,84,74,22,71,23,74,24,74,25,77,26,78,27,78,28,76,29,76,30,72,31,73,32
Benedikt Howedes,B. Höwedes,179784,"['CB', 'RB', 'LB', 'CDM']",Germany,FC Schalke 04,84,80,23,81,24,82,25,82,26,83,27,84,28,83,29,81,30,81,31,,,,
Adel Taarabt,A. Taarabt,179605,"['CAM', 'LW', 'RW']",Morocco,Queens Park Rangers,84,78,22,78,23,78,24,79,25,79,26,,,70,28,,,75,30,77,31,77,32
Marko Marin,M. Marin,179546,"['LM', 'LW', 'CAM', 'RM']",Germany,SV Werder Bremen,84,80,23,78,24,78,25,77,26,77,26,76,27,75,28,,,,,75,31,73,32
Ever Banega,É. Banega,178562,"['CM', 'CDM', 'CAM', 'RM']",Argentina,Valencia CF,84,79,23,80,24,75,25,80,26,80,27,84,28,83,29,83,30,83,31,83,32,82,33
Robert Acquafresca,R. Acquafresca,178490,"['ST', 'CF']",Italy,Bologna,84,75,23,73,24,72,25,68,26,68,27,70,28,69,29,67,30,,,,,,
Etienne Capoue,E. Capoue,178213,"['CDM', 'CB', 'CM']",France,Toulouse Football Club,84,77,22,79,23,79,24,78,25,77,26,78,27,76,28,76,29,80,30,78,31,78,32
Sven Bender,S. Bender,177458,"['CDM', 'CM', 'CB']",Germany,Borussia Dortmund,84,79,22,81,23,81,24,81,25,80,26,82,27,80,28,81,29,80,30,81,31,,
Marcelo Vieira Da Silva,Marcelo,176676,"['LB', 'LM']",Brazil,Real Madrid CF,84,82,23,83,24,83,25,82,26,83,27,86,28,87,29,88,30,85,31,83,32,80,33
David Ospina,D. Ospina,176550,['GK'],Colombia,OGC Nice,84,77,22,77,23,75,24,77,25,78,26,79,27,79,28,78,29,80,30,79,31,79,32
David Goodwillie,D. Goodwillie,175367,"['ST', 'CF']",Scotland,Blackburn Rovers,84,75,22,69,23,69,24,67,25,69,26,68,27,,,,,,,,,,
Daniel Sturridge,D. Sturridge,171833,"['ST', 'CF', 'RW', 'LW']",England,Chelsea,84,80,21,78,22,80,23,83,24,83,25,84,26,82,27,80,28,,,,,75,31
Steven Defour,S. Defour,170815,"['CM', 'CDM', 'CAM', 'RM']",Belgium,FC Porto,84,79,23,77,24,77,25,76,26,77,27,79,28,78,29,80,30,78,31,74,32,,
Giovani Dos Santos,G. dos Santos,170369,"['RW', 'CAM', 'CF', 'LW']",Mexico,Tottenham Hotspur,84,78,22,74,23,79,24,81,25,79,26,79,27,79,28,77,29,76,30,73,31,,
Micah Richards,M. Richards,169721,"['RB', 'CB', 'CDM']",England,Manchester City,84,80,23,80,24,79,25,77,26,79,27,77,28,74,29,69,30,,,,,,
Ryan Shawcross,R. Shawcross,169596,"['CB', 'RB']",England,Stoke City,84,77,23,77,24,78,25,77,26,80,27,81,28,79,29,77,30,72,31,70,32,67,33
Theo Walcott,T. Walcott,164859,"['RW', 'RM']",England,Arsenal,84,82,22,81,23,81,24,81,25,81,26,81,27,80,28,79,29,77,30,76,31,76,32
Alexandre Song,A. Song,157503,"['CDM', 'CM']",Cameroon,Arsenal,84,82,23,83,24,83,25,79,26,79,27,77,28,77,29,,,71,31,,,,
Chung Yong Lee,Lee Chung-Yong,155355,"['RM', 'RW', 'CAM']",Korea Republic,Bolton Wanderers,84,78,22,75,23,74,24,72,25,73,26,74,27,72,28,,,73,30,73,31,71,32
Damian Djokovic,D. Djokovic,205983,"['CAM', 'CM']",Croatia,Cesena,83,62,21,66,22,,,64,24,65,25,,,,,67,28,71,29,71,30,71,31
Lucas Garcia Benetao,Lucas Patinho,205635,"['CAM', 'CM']",Brazil,Fluminense,83,67,19,67,20,,,,,,,,,,,,,,,,,,
Victor Ibarbo,V. Ibarbo,204550,"['CAM', 'CM', 'CDM']",Colombia,Cagliari,83,71,21,76,22,77,23,75,24,78,25,75,26,72,27,72,28,67,29,,,,
Ignacio Colombini,I. Colombini,203873,['ST'],Argentina,Racing Club,83,67,19,,,,,,,67,23,,,,,,,,,,,,
Valentin Viola,V. Viola,203871,['ST'],Argentina,Racing Club,83,67,19,69,20,71,21,71,22,,,70,24,70,25,68,26,,,,,,
Kelvin Mateus De Oliveira,Kelvin,203846,"['CAM', 'LW', 'RW', 'CF']",Brazil,Rio Ave FC,83,69,18,74,19,74,20,73,21,,,73,23,,,,,,,,,,
Thulani Serero,T. Serero,202746,"['CAM', 'CM', 'RW']",South Africa,Ajax,83,74,21,71,22,72,23,74,24,74,25,73,26,74,27,74,28,74,29,72,30,,
Luiz Eduardo Felix Da Costa,Luiz Eduardo,202561,"['CB', 'LB', 'RB']",Brazil,São Paulo,83,67,18,67,19,67,20,,,,,,,,,,,,,,,,
Giorgi Chanturia,G. Chanturia,202475,"['RW', 'LW', 'CAM']",Georgia,Vitesse,83,71,18,69,19,69,20,,,,,69,23,70,24,,,,,,,,
Ryo Miyaichi,R. Miyaichi,202053,"['LW', 'RW']",Japan,Arsenal,83,71,18,71,19,71,20,67,21,69,22,70,23,67,24,65,25,68,26,69,27,67,28
Ahmed Musa,A. Musa,201818,"['RW', 'ST', 'LW']",Nigeria,VVV-Venlo,83,72,18,72,19,76,20,75,21,76,22,78,23,76,24,75,25,73,26,73,27,72,28
Raphael Varane,R. Varane,201535,"['CB', 'CDM']",France,Real Madrid CF,83,71,18,76,19,81,20,81,21,82,22,84,23,85,24,86,25,85,26,86,27,86,28
Franco Signorelli,F. Signorelli,200983,['CM'],Venezuela,Empoli,83,57,20,57,21,58,22,65,23,69,24,69,25,68,26,67,27,66,28,,,,
Jerry Mbakogu,J. Mbakogu,200882,"['ST', 'RW', 'LW']",Nigeria,Castellammare di Stabia,83,63,18,67,19,67,20,69,21,73,22,74,23,73,24,74,25,,,,,,
James Forrest,J. Forrest,200630,"['RW', 'ST', 'RM']",Scotland,Celtic,83,70,19,73,20,71,21,70,22,69,23,71,24,74,25,76,26,77,27,76,28,75,29
Luis Pedro Cavanda,L. Cavanda,200434,"['RB', 'RWB', 'LB', 'LWB']",Angola,Lazio,83,70,20,72,21,72,22,72,23,75,24,74,25,72,26,71,27,70,28,,,,
Filip Ozobic,F. Ozobić,200118,"['CAM', 'CF']",Croatia,Spartak Moskva,83,63,20,,,,,,,,,,,,,,,,,,,,
Heung Min Son,H. Son,200104,"['CF', 'ST', 'RW', 'CAM']",Korea Republic,Hamburger SV,83,73,18,73,19,76,20,76,21,77,22,78,23,82,24,84,25,87,26,87,27,89,28
Dusan Tadic,D. Tadić,199434,"['CAM', 'LW', 'RW']",Serbia,FC Groningen,83,75,22,79,23,80,24,80,25,79,26,79,27,80,28,80,29,84,30,83,31,84,32
Danilo Luiz Da Silva,Danilo,199304,"['CM', 'RWB', 'RB']",Brazil,Santos,83,76,19,77,20,77,21,77,22,81,23,80,24,78,25,79,26,79,27,79,28,81,29
Pablo Sarabia Garcia,Pablo Sarabia,198950,"['LW', 'CAM', 'RW']",Spain,Getafe CF,83,73,19,72,20,70,21,70,22,73,23,78,24,80,25,81,26,83,27,81,28,80,29
Manolo Gabbiadini,M. Gabbiadini,198683,"['ST', 'CF', 'LW', 'RW']",Italy,Atalanta,83,71,19,73,20,75,21,75,22,78,23,81,24,79,25,77,26,76,27,75,28,75,29
Zakaria Labyad,Z. Labyad,198640,"['RW', 'CAM']",Morocco,PSV,83,70,18,76,19,75,20,74,21,75,22,74,23,75,24,77,25,75,26,75,27,75,28
Stefan De Vrij,S. de Vrij,198176,"['CB', 'RB']",Netherlands,Feyenoord,83,69,19,74,20,76,21,78,22,82,23,82,24,83,25,84,26,84,27,84,28,85,29
Mithyue De Linhares,Mithyuê,198099,"['CAM', 'CM']",Brazil,Grêmio,83,65,21,,,,,,,,,,,,,,,,,,,,
Jordan Ayew,J. Ayew,197756,"['ST', 'CF', 'RW', 'LW']",Ghana,Olympique de Marseille,83,75,19,74,20,75,21,73,22,76,23,77,24,76,25,77,26,75,27,77,28,75,29
David Alaba,D. Alaba,197445,"['CM', 'LM', 'CDM', 'LB']",Austria,FC Bayern München,83,73,19,77,20,81,21,82,22,85,23,87,24,86,25,85,26,85,27,84,28,84,29
Louise Essenque Parfait,L. Parfait,194664,"['CM', 'RM']",Cameroon,Ascoli,83,62,20,62,21,61,22,,,,,,,,,,,,,,,,
Andre Filipe Bernardes Santos,André Santos,193495,"['CM', 'CDM', 'CAM']",Portugal,Sporting CP,83,77,22,74,23,,,71,25,69,26,70,27,,,,,72,30,,,66,32
Victor Ruiz Torre,Víctor Ruíz,193469,"['CB', 'LB', 'LWB']",Spain,Valencia CF,83,76,22,78,23,77,24,79,25,81,26,81,27,82,28,82,29,79,30,,,78,32
Joel Obi,J. Obi,193337,"['CM', 'LM', 'RM', 'CDM']",Nigeria,Inter,83,74,20,77,21,72,22,70,23,72,24,73,25,73,26,74,27,74,28,71,29,72,30
Kevin De Bruyne,K. De Bruyne,192985,"['CAM', 'LM', 'RM', 'CF']",Belgium,KRC Genk,83,75,20,78,21,80,22,81,23,86,24,88,25,89,26,91,27,91,28,91,29,91,30
Luciano Narsingh,L. Narsingh,192362,"['RW', 'LW']",Netherlands,SC Heerenveen,83,73,20,77,21,76,22,75,23,77,24,76,25,75,26,75,27,72,28,72,29,70,30
Artjoms Rudnevs,A. Rudnevs,192302,"['ST', 'CF', 'RW']",Latvia,Lech Poznań,83,76,23,74,24,76,25,75,26,72,27,73,28,73,29,,,,,,,,
Ander Herrera Aguera,Ander Herrera,191740,"['CAM', 'CM', 'RM', 'CF']",Spain,Athletic Club de Bilbao,83,79,21,77,22,79,23,79,24,81,25,82,26,84,27,83,28,82,29,79,30,79,31
Celso Borges,C. Borges,190799,"['CAM', 'RM', 'CM', 'CF']",Costa Rica,Fredrikstad FK,83,75,23,74,24,72,25,72,26,75,27,77,28,78,29,77,30,74,31,74,32,,
Guido Marilungo,G. Marilungo,189728,"['CF', 'RW', 'LW', 'ST']",Italy,Atalanta,83,71,21,74,22,72,23,69,24,71,25,72,26,71,27,71,28,,,,,,
Kevin Strootman,K. Strootman,189712,"['CM', 'CAM', 'CDM']",Netherlands,PSV,83,76,21,78,22,79,23,81,24,80,25,81,26,84,27,83,28,80,29,77,30,76,31
Daniel Filipe Martins Carrico,Daniel Carriço,189156,['CB'],Portugal,Sporting CP,83,77,22,76,23,72,24,76,25,80,26,81,27,80,28,78,29,78,30,76,31,76,32
Aleksandar Dragovic,A. Dragović,189060,"['CB', 'CDM']",Austria,FC Basel 1893,83,73,20,74,21,74,22,75,23,78,24,79,25,77,26,77,27,77,28,75,29,76,30
Pierre Emerick Aubameyang,P. Aubameyang,188567,"['ST', 'RM', 'RW']",Gabon,AS Saint-Étienne,83,75,22,79,23,80,24,79,25,82,26,86,27,88,28,87,29,88,30,87,31,85,32
Daniel Pacheco Lobato,Dani Pacheco,188554,"['CF', 'ST', 'CAM']",Spain,Rayo Vallecano,83,72,20,71,21,69,22,70,23,71,24,74,25,74,26,76,27,73,28,70,29,,
Marco Reus,M. Reus,188350,"['RM', 'RW', 'ST', 'LW']",Germany,Borussia Mönchengladbach,83,79,22,84,23,85,24,86,25,86,26,88,27,86,28,85,29,88,30,85,31,85,32
Emmanuel Riviere,E. Riviere,188289,"['ST', 'RW', 'RM']",France,Toulouse Football Club,83,75,21,75,22,72,23,73,24,72,25,70,26,70,27,69,28,,,,,67,31
James Mccarthy,J. McCarthy,188253,"['CM', 'CAM', 'LM']",Republic of Ireland,Republic of Ireland,83,75,20,74,21,75,22,79,23,80,24,81,25,80,26,78,27,75,28,76,29,74,30
Lewis Holtby,L. Holtby,188154,"['CAM', 'LM', 'CDM', 'CM']",Germany,FC Schalke 04,83,76,20,78,21,78,22,77,23,76,24,78,25,77,26,76,27,,,72,29,71,30
Oscar Dos Santos Emboaba,Oscar,188152,"['CAM', 'CF']",Brazil,Internacional,83,77,19,80,20,82,21,84,22,84,23,83,24,83,25,82,26,83,27,83,28,82,29
Airton Ribeiro Santos,Airton,187954,"['CDM', 'CB', 'RB']",Brazil,Flamengo,83,75,21,72,22,71,23,,,,,,,,,,,,,,,,
Mauricio Isla,M. Isla,187800,"['RM', 'RWB', 'CM', 'RB']",Chile,Udinese Calcio,83,80,23,80,24,77,25,76,26,77,27,76,28,76,29,76,30,75,31,76,32,,
Fabio Daprela,F. Daprelà,186950,"['LB', 'LWB']",Switzerland,Brescia,83,67,20,70,21,68,22,66,23,67,24,68,25,,,69,27,69,28,67,29,67,30
Ilkay Gundogan,I. Gündogan,186942,"['CM', 'CAM', 'CDM', 'RM']",Germany,Borussia Dortmund,83,77,20,80,21,84,22,83,23,82,24,85,25,85,26,84,27,84,28,83,29,85,30
Mateo Musacchio,M. Musacchio,186547,"['CB', 'CDM']",Argentina,Villarreal CF,83,77,20,74,21,74,22,80,23,81,24,83,25,83,26,80,27,80,28,78,29,,
Leroy Fer,L. Fer,186351,"['CM', 'CDM', 'CAM']",Netherlands,FC Twente,83,73,21,76,22,76,23,76,24,76,25,76,26,77,27,76,28,73,29,76,30,75,31
Gael Kakuta,G. Kakuta,186197,"['LW', 'LM']",France,Bolton Wanderers,83,75,20,69,21,73,22,73,23,75,24,,,76,26,76,27,73,28,75,29,78,30
Ron Robert Zieler,R. Zieler,186148,['GK'],Germany,Hannover 96,83,78,22,78,23,78,24,79,25,80,26,81,27,79,28,79,29,78,30,74,31,73,32
Jordon Mutch,J. Mutch,186117,"['CM', 'CDM', 'CAM']",England,Birmingham City,83,71,19,72,20,70,21,69,22,71,23,72,24,70,25,68,26,,,63,28,63,29
Luiz Gustavo Dias,Luiz Gustavo,185221,"['CDM', 'CM', 'LB', 'CB']",Brazil,FC Bayern München,83,79,23,81,24,81,25,82,26,83,27,83,28,80,29,83,30,81,31,80,32,77,33
Kyriakos Papadopoulos,K. Papadopoulos,184477,"['CB', 'CDM']",Greece,FC Schalke 04,83,75,19,78,20,78,21,78,22,79,23,79,24,79,25,78,26,76,27,,,71,29
Martin Olsson,M. Olsson,184472,"['LB', 'LM', 'CAM']",Sweden,Blackburn Rovers,83,74,23,73,24,73,25,74,26,76,27,75,28,75,29,75,30,,,71,32,71,33
Diego Perotti,D. Perotti,183900,"['LW', 'RW', 'CAM', 'LM']",Argentina,Sevilla FC,83,79,22,78,23,76,24,74,25,79,26,80,27,80,28,81,29,80,30,79,31,75,32
Barry Bannan,B. Bannan,183540,"['CM', 'CAM', 'LM', 'RM']",Scotland,Aston Villa,83,73,21,73,22,71,23,75,24,71,25,72,26,73,27,72,28,74,29,73,30,73,31
Jay Spearing,J. Spearing,183527,"['CM', 'CDM']",England,Liverpool,83,71,22,71,23,71,24,70,25,68,26,69,27,,,67,29,68,30,67,31,65,32
Cheikh Mbengue,C. M'Bengué,183395,['LB'],Senegal,Toulouse Football Club,83,74,22,75,23,73,24,74,25,75,26,75,27,71,28,70,29,,,,,,
Moussa Sissoko,M. Sissoko,183394,"['CM', 'RM', 'CDM']",France,Toulouse Football Club,83,77,21,75,22,75,23,75,24,78,25,80,26,77,27,76,28,81,29,79,30,78,31
Henri Saivet,H. Saivet,183256,"['RW', 'LW', 'ST']",France,FC Girondins de Bordeaux,83,73,20,74,21,75,22,74,23,77,24,78,25,77,26,74,27,74,28,66,29,,
Valentin Stocker,V. Stocker,183187,"['LM', 'RM', 'CAM']",Switzerland,FC Basel 1893,83,75,22,76,23,76,24,79,25,78,26,77,27,76,28,74,29,73,30,73,31,73,32
Ciaran Clark,C. Clark,183129,"['CB', 'LB', 'CDM']",Republic of Ireland,Aston Villa,83,75,21,74,22,73,23,73,24,77,25,76,26,76,27,76,28,75,29,76,30,75,31
Max Gradel,M. Gradel,182945,"['RW', 'LW', 'CAM']",Côte d'Ivoire,AS Saint-Étienne,83,73,23,72,24,74,25,74,26,79,27,79,28,77,29,77,30,79,31,77,32,77,33
Albin Ekdal,A. Ekdal,181318,"['CAM', 'CM', 'LM', 'CDM']",Sweden,Cagliari,83,73,21,75,22,75,23,74,24,75,25,76,26,76,27,76,28,76,29,75,30,76,31
Tomas Necid,T. Necid,181281,['ST'],Czech Republic,PFC CSKA Moscow,83,76,21,76,22,75,23,75,24,73,25,74,26,72,27,72,28,69,29,,,,
Breno Vinicius Borges,Breno,180955,"['CB', 'RB', 'LB']",Brazil,FC Bayern München,83,75,21,,,,,,,75,25,,,,,,,,,,,,
Eren Derdiyok,E. Derdiyok,179972,"['ST', 'RW']",Switzerland,Bayer 04 Leverkusen,83,79,23,78,24,75,25,74,26,72,27,75,28,75,29,73,30,72,31,,,,
Radja Nainggolan,R. Nainggolan,178518,"['CM', 'CAM', 'CDM', 'LM']",Belgium,Cagliari,83,76,23,79,24,80,25,79,26,83,27,84,28,86,29,85,30,83,31,83,32,80,33
Jeremain Lens,J. Lens,178416,"['RW', 'ST', 'LW']",Netherlands,PSV,83,78,23,76,24,77,25,78,26,79,27,79,28,80,29,78,30,77,31,76,32,73,33
Jonathan De Guzman,J. De Guzmán,177569,"['CAM', 'CM', 'CF', 'RM']",Netherlands,Villarreal CF,83,78,23,75,24,76,25,76,26,77,27,77,28,77,29,75,30,76,31,,,,
Axel Witsel,A. Witsel,177413,"['CAM', 'CM', 'CDM', 'RM']",Belgium,SL Benfica,83,76,22,81,23,80,24,80,25,81,26,82,27,82,28,82,29,85,30,84,31,83,32
Bojan Krkic Perez,Bojan,176993,"['CF', 'ST', 'LW', 'RW']",Spain,Roma,83,78,20,76,21,79,22,77,23,81,24,82,25,79,26,75,27,74,28,73,29,71,30
Marouane Fellaini,M. Fellaini,176944,"['CM', 'CDM', 'CAM']",Belgium,Everton,83,79,23,81,24,81,25,79,26,78,27,78,28,79,29,79,30,76,31,75,32,75,33
Nathan Dyer,N. Dyer,173436,"['RW', 'LW', 'RM', 'LM']",England,Swansea City,83,73,23,75,24,75,25,74,26,76,27,77,28,75,29,74,30,69,31,69,32,,
Alberto Frison,A. Frison,173023,['GK'],Italy,Vicenza,83,73,22,72,23,73,24,70,25,,,,,,,,,,,,,,
Mark Davies,M. Davies,170074,"['CAM', 'CM']",England,Bolton Wanderers,83,75,23,74,24,73,25,71,26,72,27,69,28,,,,,,,,,,
Scott Sinclair,S. Sinclair,169214,"['LW', 'RW', 'CF', 'ST']",England,Swansea City,83,74,22,75,23,75,24,72,25,74,26,75,27,77,28,75,29,74,30,72,31,72,32
Alejandro Gomez,A. Gómez,143076,"['RW', 'CAM', 'LW', 'CF']",Argentina,Catania,83,78,23,79,24,,,,,75,27,80,28,84,29,84,30,85,31,86,32,85,33
Borys Taschi,B. Taschi,205892,['CAM'],Ukraine,Dinamo Moscow,82,62,17,,,62,19,,,,,65,22,66,23,70,24,69,25,66,26,66,27
Chris Gadi,C. Gadi,204893,"['ST', 'CF', 'RW']",France,Olympique de Marseille,82,64,19,,,,,,,,,,,,,,,,,,,,
Sime Vrsaljko,Š. Vrsaljko,203890,"['RB', 'RM']",Croatia,Croatia,82,67,19,,,68,21,72,22,75,23,79,24,79,25,81,26,80,27,80,28,80,29
Bruno Zuculini,B. Zuculini,203864,['CM'],Argentina,Racing Club,82,61,18,66,19,68,20,73,21,74,22,,,71,24,70,25,75,26,73,27,74,28
Alejandro Martinuccio,A. Martinuccio,202612,"['CF', 'CAM', 'RW']",Argentina,Fluminense,82,75,23,72,24,74,25,,,,,,,,,,,,,,,,
Roberto Firmino Barbosa De Oliveira,Roberto Firmino,201942,"['CAM', 'RM', 'RW']",Brazil,TSG Hoffenheim,82,75,19,77,20,78,21,81,22,82,23,82,24,83,25,86,26,86,27,87,28,85,29
Daniel Martinez,D. Martínez,201897,['ST'],Paraguay,Palermo,82,65,17,,,64,19,,,64,21,64,22,,,,,,,,,,
Matteo Liviero,M. Liviero,201882,"['LB', 'LWB', 'LM']",Italy,Juventus,82,58,18,,,60,20,61,21,,,,,,,64,25,,,,,,
Sergei Bryzgalov,S. Bryzgalov,201165,"['CB', 'RB', 'LB']",Russia,Spartak Moskva,82,64,18,66,19,70,20,70,21,71,22,71,23,70,24,,,,,,,,
Moritz Leitner,M. Leitner,200857,"['CM', 'CAM', 'RM', 'LM']",Germany,Borussia Dortmund,82,70,18,74,19,74,20,74,21,73,22,74,23,74,24,72,25,73,26,72,27,71,28
Diogo Ferreira Salomao,Salomão,200271,"['LW', 'LM']",Portugal,Deportivo de La Coruña,82,70,22,69,23,69,24,72,25,,,70,27,,,,,72,30,69,31,,
Yaya Soumahoro,Y. Soumahoro,199818,"['LW', 'LM']",Côte d'Ivoire,KAA Gent,82,72,21,72,22,68,23,68,24,66,25,,,,,,,,,,,,
Alex Oxlade Chamberlain,A. Oxlade-Chamberlain,198784,"['RM', 'CAM', 'RW']",England,Arsenal,82,69,17,76,18,77,19,78,20,79,21,79,22,80,23,80,24,80,25,79,26,79,27
Eugene Starikov,E. Starikov,198652,"['ST', 'CF', 'LW', 'RW']",United States,FC Tom Tomsk,82,71,22,,,62,24,,,,,,,,,,,,,,,,
Franco Jara,F. Jara,198347,"['ST', 'CF']",Argentina,Granada CF,82,77,22,,,74,24,70,25,70,26,74,27,74,28,74,29,75,30,75,31,72,32
Rodrigo Moreno Machado,Rodrigo,198329,"['ST', 'LM', 'RM', 'CF']",Spain,SL Benfica,82,72,20,78,21,77,22,80,23,79,24,78,25,78,26,84,27,83,28,82,29,79,30
Nenad Tomovic,N. Tomović,194203,"['RB', 'CB']",Serbia,Lecce,82,71,23,74,24,78,25,73,26,75,27,76,28,76,29,75,30,73,31,70,32,,
Magaye Gueye,M. Gueye,193949,"['LM', 'CF', 'RM']",France,Everton,82,73,20,73,21,71,22,70,23,,,69,25,,,,,,,66,29,,
Gary Medel,G. Medel,193532,"['CDM', 'RB', 'CM']",Chile,Sevilla FC,82,78,23,78,24,73,25,76,26,81,27,83,28,82,29,81,30,78,31,77,32,74,33
Steven Caulker,S. Caulker,193504,['CB'],England,Swansea City,82,70,19,74,20,74,21,76,22,77,23,77,24,73,25,69,26,69,27,70,28,74,29
Nicolas Colazo,N. Colazo,193414,"['LM', 'CAM']",Argentina,Boca Juniors,82,67,20,67,21,69,22,71,23,75,24,70,25,69,26,,,70,28,,,70,30
Alexandre Lacazette,A. Lacazette,193301,"['ST', 'CF', 'RW']",France,Olympique Lyonnais,82,68,20,74,21,75,22,79,23,84,24,85,25,85,26,84,27,86,28,83,29,82,30
Maxime Gonalons,M. Gonalons,193116,"['CDM', 'CM', 'CB']",France,Olympique Lyonnais,82,78,22,77,23,78,24,80,25,82,26,81,27,80,28,75,29,75,30,76,31,76,32
Saimon Pains Tormen,Saimon,192573,"['CB', 'RB', 'RWB']",Brazil,Grêmio,82,69,20,69,21,69,22,,,66,24,,,,,,,,,,,,
Bernd Leno,B. Leno,192563,['GK'],Germany,Bayer 04 Leverkusen,82,70,19,79,20,80,21,82,22,84,23,86,24,85,25,84,26,84,27,85,28,83,29
Gary Gardner,G. Gardner,192320,"['CM', 'CAM']",England,Aston Villa,82,64,19,70,20,68,21,68,22,65,23,68,24,70,25,68,26,70,27,69,28,69,29
Fabricio Silva Dornellas,Fabricio,191065,['CB'],Brazil,Club Athletico Paranaense,82,72,21,69,22,70,23,,,,,,,,,67,28,,,,,,
Alex Sandro Lobo Silva,Alex Sandro,191043,"['LB', 'LWB', 'CM', 'LM']",Brazil,FC Porto,82,70,20,75,21,79,22,79,23,82,24,84,25,86,26,86,27,85,28,85,29,83,30
Eliaquim Mangala,E. Mangala,190531,"['CB', 'CDM', 'LB', 'RB']",France,FC Porto,82,72,20,77,21,81,22,80,23,80,24,80,25,79,26,78,27,76,28,74,29,73,30
Nathaniel Clyne,N. Clyne,190456,"['RB', 'LB']",England,Crystal Palace,82,71,20,73,21,73,22,74,23,81,24,81,25,82,26,80,27,78,28,,,75,30
Panagiotis Tachtsidis,P. Tachtsidis,190084,"['CM', 'CAM']",Greece,Hellas Verona,82,61,20,75,21,73,22,70,23,75,24,75,25,75,26,74,27,72,28,70,29,70,30
Rafael Pereira Da Silva,Rafael,189681,"['RB', 'RM', 'CDM']",Brazil,Manchester United,82,76,20,77,21,77,22,77,23,77,24,78,25,79,26,79,27,78,28,77,29,76,30
Fabio Pereira Da Silva,Fábio,189680,"['LB', 'RB', 'LM']",Brazil,Manchester United,82,75,20,75,21,75,22,72,23,74,24,74,25,74,26,71,27,72,28,73,29,72,30
Mehmet Ekici,M. Ekici,189595,"['RM', 'CAM', 'LM', 'CM']",Turkey,SV Werder Bremen,82,75,21,74,22,73,23,72,24,78,25,78,26,77,27,76,28,74,29,,,,
Iker Muniain Goni,Muniaín,189575,"['LW', 'RW', 'CF']",Spain,Athletic Club de Bilbao,82,78,18,80,19,78,20,80,21,80,22,78,23,78,24,80,25,82,26,83,27,83,28
Lorenzo Ariaudo,L. Ariaudo,189436,"['CB', 'LB']",Italy,Cagliari,82,72,22,74,23,73,24,70,25,72,26,73,27,72,28,72,29,72,30,,,,
Dennis Diekmeier,D. Diekmeier,189388,"['RB', 'RM']",Germany,Hamburger SV,82,73,21,73,22,73,23,73,24,75,25,74,26,74,27,,,74,29,75,30,72,31
Nelson Miguel Castro Oliveira,Nélson Oliveira,189303,"['ST', 'CF']",Portugal,SL Benfica,82,69,19,74,20,73,21,73,22,74,23,,,74,25,73,26,73,27,75,28,73,29
Jonjo Shelvey,J. Shelvey,189165,"['CM', 'CAM', 'RM']",England,Liverpool,82,69,19,71,20,74,21,74,22,77,23,77,24,77,25,78,26,77,27,77,28,75,29
Libor Kozak,L. Kozák,188871,['ST'],Czech Republic,Lazio,82,75,22,74,23,74,24,73,25,74,26,74,27,,,68,29,72,30,71,31,,
Bruno Ecuele Manga,B. Ecuélé Manga,188270,"['CB', 'RB']",Gabon,FC Lorient,82,79,22,78,23,79,24,76,25,78,26,75,27,72,28,74,29,74,30,74,31,72,32
Rafael De Souza Pereira,Rafael Carioca,188041,"['CDM', 'CM']",Brazil,Spartak Moskva,82,74,22,77,23,75,24,,,,,,,,,77,29,78,30,78,31,79,32
Pavel Mamaev,P. Mamaev,187736,"['CM', 'CDM', 'CAM', 'RM']",Russia,PFC CSKA Moscow,82,75,22,75,23,72,24,73,25,76,26,79,27,78,28,,,,,,,,
Ezequiel Munoz,E. Muñoz,186695,"['CB', 'RB']",Argentina,Palermo,82,74,20,75,21,73,22,71,23,72,24,73,25,73,26,71,27,72,28,,,70,30
Daniele Ragatzu,D. Ragatzu,186607,"['ST', 'CF', 'LW', 'RW']",Italy,Gubbio,82,65,19,,,66,21,63,22,,,,,,,,,63,27,62,28,,
Kieran Gibbs,K. Gibbs,186115,['LB'],England,Arsenal,82,75,21,76,22,78,23,78,24,80,25,80,26,78,27,77,28,75,29,75,30,72,31
Benjamin Moukandjo,B. Moukandjo,185090,"['RW', 'ST', 'CF']",Cameroon,Cameroon,82,72,22,70,23,69,24,69,25,75,26,78,27,77,28,77,29,71,30,,,,
Gylfi Sigurdhsson,G. Sigurðsson,184484,"['CAM', 'LW', 'RW', 'ST']",Iceland,TSG Hoffenheim,82,75,21,76,22,76,23,77,24,78,25,82,26,82,27,82,28,83,29,79,30,79,31
Alex Smithies,A. Smithies,184436,['GK'],England,Huddersfield Town,82,66,21,68,22,67,23,67,24,68,25,70,26,73,27,73,28,72,29,72,30,72,31
Cesar Azpilicueta Tanco,Azpilicueta,184432,"['RB', 'LB']",Spain,Olympique de Marseille,82,75,21,76,22,77,23,79,24,82,25,84,26,85,27,86,28,84,29,84,30,83,31
